-- phpMyAdmin SQL Dump
-- version 5.0.2
-- https://www.phpmyadmin.net/
--
-- Φιλοξενητής: 127.0.0.1
-- Χρόνος δημιουργίας: 10 Ιαν 2021 στις 00:56:18
-- Έκδοση διακομιστή: 10.4.13-MariaDB
-- Έκδοση PHP: 7.4.8

SET SQL_MODE = "NO_AUTO_VALUE_ON_ZERO";
START TRANSACTION;
SET time_zone = "+00:00";


/*!40101 SET @OLD_CHARACTER_SET_CLIENT=@@CHARACTER_SET_CLIENT */;
/*!40101 SET @OLD_CHARACTER_SET_RESULTS=@@CHARACTER_SET_RESULTS */;
/*!40101 SET @OLD_COLLATION_CONNECTION=@@COLLATION_CONNECTION */;
/*!40101 SET NAMES utf8mb4 */;

--
-- Βάση δεδομένων: `booking`
--

-- --------------------------------------------------------

--
-- Δομή πίνακα για τον πίνακα `available`
--

CREATE TABLE `available` (
  `Seat_ID` int(20) NOT NULL,
  `SeatAvailability` binary(1) NOT NULL,
  `Projection_ID` int(10) NOT NULL
) ENGINE=InnoDB DEFAULT CHARSET=utf8mb4;

--
-- Άδειασμα δεδομένων του πίνακα `available`
--

INSERT INTO `available` (`Seat_ID`, `SeatAvailability`, `Projection_ID`) VALUES
(1, 0x31, 1),
(1, 0x31, 2),
(1, 0x31, 3),
(2, 0x31, 1),
(2, 0x31, 2),
(2, 0x31, 3),
(3, 0x31, 1),
(3, 0x31, 2),
(3, 0x31, 3),
(4, 0x31, 1),
(4, 0x31, 2),
(4, 0x31, 3),
(5, 0x31, 1),
(5, 0x31, 2),
(5, 0x31, 3),
(6, 0x31, 1),
(6, 0x31, 2),
(6, 0x31, 3),
(7, 0x31, 1),
(7, 0x31, 2),
(7, 0x31, 3),
(8, 0x31, 1),
(8, 0x31, 2),
(8, 0x31, 3),
(9, 0x31, 1),
(9, 0x31, 2),
(9, 0x31, 3),
(10, 0x31, 1),
(10, 0x31, 2),
(10, 0x31, 3),
(11, 0x31, 1),
(11, 0x31, 2),
(11, 0x31, 3),
(12, 0x31, 1),
(12, 0x31, 2),
(12, 0x31, 3),
(13, 0x31, 1),
(13, 0x31, 2),
(13, 0x31, 3),
(14, 0x31, 1),
(14, 0x31, 2),
(14, 0x31, 3),
(15, 0x31, 1),
(15, 0x31, 2),
(15, 0x31, 3),
(16, 0x31, 1),
(16, 0x31, 2),
(16, 0x31, 3),
(17, 0x31, 1),
(17, 0x31, 2),
(17, 0x31, 3),
(18, 0x31, 1),
(18, 0x31, 2),
(18, 0x31, 3),
(19, 0x31, 1),
(19, 0x31, 2),
(19, 0x31, 3),
(20, 0x31, 1),
(20, 0x31, 2),
(20, 0x31, 3),
(21, 0x31, 1),
(21, 0x31, 2),
(21, 0x31, 3),
(22, 0x31, 1),
(22, 0x31, 2),
(22, 0x31, 3),
(23, 0x31, 1),
(23, 0x31, 2),
(23, 0x31, 3),
(24, 0x31, 1),
(24, 0x31, 2),
(24, 0x31, 3),
(25, 0x31, 1),
(25, 0x31, 2),
(25, 0x31, 3),
(26, 0x31, 1),
(26, 0x31, 2),
(26, 0x31, 3),
(27, 0x31, 1),
(27, 0x31, 2),
(27, 0x31, 3),
(28, 0x31, 1),
(28, 0x31, 2),
(28, 0x31, 3),
(29, 0x31, 1),
(29, 0x31, 2),
(29, 0x31, 3),
(30, 0x31, 1),
(30, 0x31, 2),
(30, 0x31, 3),
(31, 0x31, 1),
(31, 0x31, 2),
(31, 0x31, 3),
(32, 0x31, 1),
(32, 0x31, 2),
(32, 0x31, 3),
(33, 0x31, 1),
(33, 0x31, 2),
(33, 0x31, 3),
(34, 0x31, 1),
(34, 0x31, 2),
(34, 0x31, 3),
(35, 0x31, 1),
(35, 0x31, 2),
(35, 0x31, 3),
(36, 0x31, 1),
(36, 0x31, 2),
(36, 0x31, 3),
(37, 0x31, 1),
(37, 0x31, 2),
(37, 0x31, 3),
(38, 0x31, 1),
(38, 0x31, 2),
(38, 0x31, 3),
(39, 0x31, 1),
(39, 0x31, 2),
(39, 0x31, 3),
(40, 0x31, 1),
(40, 0x31, 2),
(40, 0x31, 3),
(41, 0x31, 1),
(41, 0x31, 2),
(41, 0x31, 3),
(42, 0x31, 1),
(42, 0x31, 2),
(42, 0x31, 3),
(43, 0x31, 1),
(43, 0x31, 2),
(43, 0x31, 3),
(44, 0x31, 1),
(44, 0x31, 2),
(44, 0x31, 3),
(45, 0x31, 1),
(45, 0x31, 2),
(45, 0x31, 3),
(46, 0x31, 1),
(46, 0x31, 2),
(46, 0x31, 3),
(47, 0x31, 1),
(47, 0x31, 2),
(47, 0x31, 3),
(48, 0x31, 1),
(48, 0x31, 2),
(48, 0x31, 3),
(49, 0x31, 1),
(49, 0x31, 2),
(49, 0x31, 3),
(50, 0x31, 1),
(50, 0x31, 2),
(50, 0x31, 3),
(51, 0x31, 1),
(51, 0x31, 2),
(51, 0x31, 3),
(52, 0x31, 1),
(52, 0x31, 2),
(52, 0x31, 3),
(53, 0x31, 1),
(53, 0x31, 2),
(53, 0x31, 3),
(54, 0x31, 1),
(54, 0x31, 2),
(54, 0x31, 3),
(55, 0x31, 1),
(55, 0x31, 2),
(55, 0x31, 3),
(56, 0x31, 1),
(56, 0x31, 2),
(56, 0x31, 3),
(57, 0x31, 1),
(57, 0x31, 2),
(57, 0x31, 3),
(58, 0x31, 1),
(58, 0x31, 2),
(58, 0x31, 3),
(59, 0x31, 1),
(59, 0x31, 2),
(59, 0x31, 3),
(60, 0x31, 1),
(60, 0x31, 2),
(60, 0x31, 3),
(61, 0x31, 1),
(61, 0x31, 2),
(61, 0x31, 3),
(62, 0x31, 1),
(62, 0x31, 2),
(62, 0x31, 3),
(63, 0x31, 1),
(63, 0x31, 2),
(63, 0x31, 3),
(64, 0x31, 1),
(64, 0x31, 2),
(64, 0x31, 3),
(65, 0x31, 1),
(65, 0x31, 2),
(65, 0x31, 3),
(66, 0x31, 1),
(66, 0x31, 2),
(66, 0x31, 3),
(67, 0x31, 1),
(67, 0x31, 2),
(67, 0x31, 3),
(68, 0x31, 1),
(68, 0x31, 2),
(68, 0x31, 3),
(69, 0x31, 1),
(69, 0x31, 2),
(69, 0x31, 3),
(70, 0x31, 1),
(70, 0x31, 2),
(70, 0x31, 3),
(71, 0x31, 1),
(71, 0x31, 2),
(71, 0x31, 3),
(72, 0x31, 1),
(72, 0x31, 2),
(72, 0x31, 3),
(73, 0x31, 1),
(73, 0x31, 2),
(73, 0x31, 3),
(74, 0x31, 1),
(74, 0x31, 2),
(74, 0x31, 3),
(75, 0x31, 1),
(75, 0x31, 2),
(75, 0x31, 3),
(76, 0x31, 1),
(76, 0x31, 2),
(76, 0x31, 3),
(77, 0x31, 1),
(77, 0x31, 2),
(77, 0x31, 3),
(78, 0x31, 1),
(78, 0x31, 2),
(78, 0x31, 3),
(79, 0x31, 1),
(79, 0x31, 2),
(79, 0x31, 3),
(80, 0x31, 1),
(80, 0x31, 2),
(80, 0x31, 3),
(81, 0x31, 1),
(81, 0x31, 2),
(81, 0x31, 3),
(82, 0x31, 1),
(82, 0x31, 2),
(82, 0x31, 3),
(83, 0x31, 1),
(83, 0x31, 2),
(83, 0x31, 3),
(84, 0x31, 1),
(84, 0x31, 2),
(84, 0x31, 3),
(85, 0x31, 1),
(85, 0x31, 2),
(85, 0x31, 3),
(86, 0x31, 1),
(86, 0x31, 2),
(86, 0x31, 3),
(87, 0x31, 1),
(87, 0x31, 2),
(87, 0x31, 3),
(88, 0x31, 1),
(88, 0x31, 2),
(88, 0x31, 3),
(89, 0x31, 1),
(89, 0x31, 2),
(89, 0x31, 3),
(90, 0x31, 1),
(90, 0x31, 2),
(90, 0x31, 3),
(91, 0x31, 1),
(91, 0x31, 2),
(91, 0x31, 3),
(92, 0x31, 1),
(92, 0x31, 2),
(92, 0x31, 3),
(93, 0x31, 1),
(93, 0x31, 2),
(93, 0x31, 3),
(94, 0x31, 1),
(94, 0x31, 2),
(94, 0x31, 3),
(95, 0x31, 1),
(95, 0x31, 2),
(95, 0x31, 3),
(96, 0x31, 1),
(96, 0x31, 2),
(96, 0x31, 3),
(97, 0x31, 1),
(97, 0x31, 2),
(97, 0x31, 3),
(98, 0x31, 1),
(98, 0x31, 2),
(98, 0x31, 3),
(99, 0x31, 1),
(99, 0x31, 2),
(99, 0x31, 3),
(100, 0x31, 1),
(100, 0x31, 2),
(100, 0x31, 3),
(101, 0x31, 7),
(101, 0x31, 8),
(101, 0x31, 9),
(101, 0x31, 10),
(102, 0x31, 7),
(102, 0x31, 8),
(102, 0x31, 9),
(102, 0x31, 10),
(103, 0x31, 7),
(103, 0x31, 8),
(103, 0x31, 9),
(103, 0x31, 10),
(104, 0x31, 7),
(104, 0x31, 8),
(104, 0x31, 9),
(104, 0x31, 10),
(105, 0x31, 7),
(105, 0x31, 8),
(105, 0x31, 9),
(105, 0x31, 10),
(106, 0x31, 7),
(106, 0x31, 8),
(106, 0x31, 9),
(106, 0x31, 10),
(107, 0x31, 7),
(107, 0x31, 8),
(107, 0x31, 9),
(107, 0x31, 10),
(108, 0x31, 7),
(108, 0x31, 8),
(108, 0x31, 9),
(108, 0x31, 10),
(109, 0x31, 7),
(109, 0x31, 8),
(109, 0x31, 9),
(109, 0x31, 10),
(110, 0x31, 7),
(110, 0x31, 8),
(110, 0x31, 9),
(110, 0x31, 10),
(111, 0x31, 7),
(111, 0x31, 8),
(111, 0x31, 9),
(111, 0x31, 10),
(112, 0x31, 7),
(112, 0x31, 8),
(112, 0x31, 9),
(112, 0x31, 10),
(113, 0x31, 7),
(113, 0x31, 8),
(113, 0x31, 9),
(113, 0x31, 10),
(114, 0x31, 7),
(114, 0x31, 8),
(114, 0x31, 9),
(114, 0x31, 10),
(115, 0x31, 7),
(115, 0x31, 8),
(115, 0x31, 9),
(115, 0x31, 10),
(116, 0x31, 7),
(116, 0x31, 8),
(116, 0x31, 9),
(116, 0x31, 10),
(117, 0x31, 7),
(117, 0x31, 8),
(117, 0x31, 9),
(117, 0x31, 10),
(118, 0x31, 7),
(118, 0x31, 8),
(118, 0x31, 9),
(118, 0x31, 10),
(119, 0x31, 7),
(119, 0x31, 8),
(119, 0x31, 9),
(119, 0x31, 10),
(120, 0x31, 7),
(120, 0x31, 8),
(120, 0x31, 9),
(120, 0x31, 10),
(121, 0x31, 7),
(121, 0x31, 8),
(121, 0x31, 9),
(121, 0x31, 10),
(122, 0x31, 7),
(122, 0x31, 8),
(122, 0x31, 9),
(122, 0x31, 10),
(123, 0x31, 7),
(123, 0x31, 8),
(123, 0x31, 9),
(123, 0x31, 10),
(124, 0x31, 7),
(124, 0x31, 8),
(124, 0x31, 9),
(124, 0x31, 10),
(125, 0x31, 7),
(125, 0x31, 8),
(125, 0x31, 9),
(125, 0x31, 10),
(126, 0x31, 7),
(126, 0x31, 8),
(126, 0x31, 9),
(126, 0x31, 10),
(127, 0x31, 7),
(127, 0x31, 8),
(127, 0x31, 9),
(127, 0x31, 10),
(128, 0x31, 7),
(128, 0x31, 8),
(128, 0x31, 9),
(128, 0x31, 10),
(129, 0x31, 7),
(129, 0x31, 8),
(129, 0x31, 9),
(129, 0x31, 10),
(130, 0x31, 7),
(130, 0x31, 8),
(130, 0x31, 9),
(130, 0x31, 10),
(131, 0x31, 7),
(131, 0x31, 8),
(131, 0x31, 9),
(131, 0x31, 10),
(132, 0x31, 7),
(132, 0x31, 8),
(132, 0x31, 9),
(132, 0x31, 10),
(133, 0x31, 7),
(133, 0x31, 8),
(133, 0x31, 9),
(133, 0x31, 10),
(134, 0x31, 7),
(134, 0x31, 8),
(134, 0x31, 9),
(134, 0x31, 10),
(135, 0x31, 7),
(135, 0x31, 8),
(135, 0x31, 9),
(135, 0x31, 10),
(136, 0x31, 7),
(136, 0x31, 8),
(136, 0x31, 9),
(136, 0x31, 10),
(137, 0x31, 7),
(137, 0x31, 8),
(137, 0x31, 9),
(137, 0x31, 10),
(138, 0x31, 7),
(138, 0x31, 8),
(138, 0x31, 9),
(138, 0x31, 10),
(139, 0x31, 7),
(139, 0x31, 8),
(139, 0x31, 9),
(139, 0x31, 10),
(140, 0x31, 7),
(140, 0x31, 8),
(140, 0x31, 9),
(140, 0x31, 10),
(141, 0x31, 7),
(141, 0x31, 8),
(141, 0x31, 9),
(141, 0x31, 10),
(142, 0x31, 7),
(142, 0x31, 8),
(142, 0x31, 9),
(142, 0x31, 10),
(143, 0x31, 7),
(143, 0x31, 8),
(143, 0x31, 9),
(143, 0x31, 10),
(144, 0x31, 7),
(144, 0x31, 8),
(144, 0x31, 9),
(144, 0x31, 10),
(145, 0x31, 7),
(145, 0x31, 8),
(145, 0x31, 9),
(145, 0x31, 10),
(146, 0x31, 7),
(146, 0x31, 8),
(146, 0x31, 9),
(146, 0x31, 10),
(147, 0x31, 7),
(147, 0x31, 8),
(147, 0x31, 9),
(147, 0x31, 10),
(148, 0x31, 7),
(148, 0x31, 8),
(148, 0x31, 9),
(148, 0x31, 10),
(149, 0x31, 7),
(149, 0x31, 8),
(149, 0x31, 9),
(149, 0x31, 10),
(150, 0x31, 7),
(150, 0x31, 8),
(150, 0x31, 9),
(150, 0x31, 10),
(151, 0x31, 7),
(151, 0x31, 8),
(151, 0x31, 9),
(151, 0x31, 10),
(152, 0x31, 7),
(152, 0x31, 8),
(152, 0x31, 9),
(152, 0x31, 10),
(153, 0x31, 7),
(153, 0x31, 8),
(153, 0x31, 9),
(153, 0x31, 10),
(154, 0x31, 7),
(154, 0x31, 8),
(154, 0x31, 9),
(154, 0x31, 10),
(155, 0x31, 7),
(155, 0x31, 8),
(155, 0x31, 9),
(155, 0x31, 10),
(156, 0x31, 7),
(156, 0x31, 8),
(156, 0x31, 9),
(156, 0x31, 10),
(157, 0x31, 7),
(157, 0x31, 8),
(157, 0x31, 9),
(157, 0x31, 10),
(158, 0x31, 7),
(158, 0x31, 8),
(158, 0x31, 9),
(158, 0x31, 10),
(159, 0x31, 7),
(159, 0x31, 8),
(159, 0x31, 9),
(159, 0x31, 10),
(160, 0x31, 7),
(160, 0x31, 8),
(160, 0x31, 9),
(160, 0x31, 10),
(161, 0x31, 7),
(161, 0x31, 8),
(161, 0x31, 9),
(161, 0x31, 10),
(162, 0x31, 7),
(162, 0x31, 8),
(162, 0x31, 9),
(162, 0x31, 10),
(163, 0x31, 7),
(163, 0x31, 8),
(163, 0x31, 9),
(163, 0x31, 10),
(164, 0x31, 7),
(164, 0x31, 8),
(164, 0x31, 9),
(164, 0x31, 10),
(165, 0x31, 7),
(165, 0x31, 8),
(165, 0x31, 9),
(165, 0x31, 10),
(166, 0x31, 7),
(166, 0x31, 8),
(166, 0x31, 9),
(166, 0x31, 10),
(167, 0x31, 7),
(167, 0x31, 8),
(167, 0x31, 9),
(167, 0x31, 10),
(168, 0x31, 7),
(168, 0x31, 8),
(168, 0x31, 9),
(168, 0x31, 10),
(169, 0x31, 7),
(169, 0x31, 8),
(169, 0x31, 9),
(169, 0x31, 10),
(170, 0x31, 7),
(170, 0x31, 8),
(170, 0x31, 9),
(170, 0x31, 10),
(171, 0x31, 7),
(171, 0x31, 8),
(171, 0x31, 9),
(171, 0x31, 10),
(172, 0x31, 7),
(172, 0x31, 8),
(172, 0x31, 9),
(172, 0x31, 10),
(173, 0x31, 7),
(173, 0x31, 8),
(173, 0x31, 9),
(173, 0x31, 10),
(174, 0x31, 7),
(174, 0x31, 8),
(174, 0x31, 9),
(174, 0x31, 10),
(175, 0x31, 7),
(175, 0x31, 8),
(175, 0x31, 9),
(175, 0x31, 10),
(176, 0x31, 7),
(176, 0x31, 8),
(176, 0x31, 9),
(176, 0x31, 10),
(177, 0x31, 7),
(177, 0x31, 8),
(177, 0x31, 9),
(177, 0x31, 10),
(178, 0x31, 7),
(178, 0x31, 8),
(178, 0x31, 9),
(178, 0x31, 10),
(179, 0x31, 7),
(179, 0x31, 8),
(179, 0x31, 9),
(179, 0x31, 10),
(180, 0x31, 7),
(180, 0x31, 8),
(180, 0x31, 9),
(180, 0x31, 10),
(181, 0x31, 7),
(181, 0x31, 8),
(181, 0x31, 9),
(181, 0x31, 10),
(182, 0x31, 7),
(182, 0x31, 8),
(182, 0x31, 9),
(182, 0x31, 10),
(183, 0x31, 7),
(183, 0x31, 8),
(183, 0x31, 9),
(183, 0x31, 10),
(184, 0x31, 7),
(184, 0x31, 8),
(184, 0x31, 9),
(184, 0x31, 10),
(185, 0x31, 7),
(185, 0x31, 8),
(185, 0x31, 9),
(185, 0x31, 10),
(186, 0x31, 7),
(186, 0x31, 8),
(186, 0x31, 9),
(186, 0x31, 10),
(187, 0x31, 7),
(187, 0x31, 8),
(187, 0x31, 9),
(187, 0x31, 10),
(188, 0x31, 7),
(188, 0x31, 8),
(188, 0x31, 9),
(188, 0x31, 10),
(189, 0x31, 7),
(189, 0x31, 8),
(189, 0x31, 9),
(189, 0x31, 10),
(190, 0x31, 7),
(190, 0x31, 8),
(190, 0x31, 9),
(190, 0x31, 10),
(191, 0x31, 7),
(191, 0x31, 8),
(191, 0x31, 9),
(191, 0x31, 10),
(192, 0x31, 7),
(192, 0x31, 8),
(192, 0x31, 9),
(192, 0x31, 10),
(193, 0x31, 7),
(193, 0x31, 8),
(193, 0x31, 9),
(193, 0x31, 10),
(194, 0x31, 7),
(194, 0x31, 8),
(194, 0x31, 9),
(194, 0x31, 10),
(195, 0x31, 7),
(195, 0x31, 8),
(195, 0x31, 9),
(195, 0x31, 10),
(196, 0x31, 7),
(196, 0x31, 8),
(196, 0x31, 9),
(196, 0x31, 10),
(197, 0x31, 7),
(197, 0x31, 8),
(197, 0x31, 9),
(197, 0x31, 10),
(198, 0x31, 7),
(198, 0x31, 8),
(198, 0x31, 9),
(198, 0x31, 10),
(199, 0x31, 7),
(199, 0x31, 8),
(199, 0x31, 9),
(199, 0x31, 10),
(200, 0x31, 7),
(200, 0x31, 8),
(200, 0x31, 9),
(200, 0x31, 10),
(201, 0x31, 7),
(201, 0x31, 8),
(201, 0x31, 9),
(201, 0x31, 10),
(202, 0x31, 7),
(202, 0x31, 8),
(202, 0x31, 9),
(202, 0x31, 10),
(203, 0x31, 7),
(203, 0x31, 8),
(203, 0x31, 9),
(203, 0x31, 10),
(204, 0x31, 7),
(204, 0x31, 8),
(204, 0x31, 9),
(204, 0x31, 10),
(205, 0x31, 7),
(205, 0x31, 8),
(205, 0x31, 9),
(205, 0x31, 10),
(206, 0x31, 7),
(206, 0x31, 8),
(206, 0x31, 9),
(206, 0x31, 10),
(207, 0x31, 7),
(207, 0x31, 8),
(207, 0x31, 9),
(207, 0x31, 10),
(208, 0x31, 7),
(208, 0x31, 8),
(208, 0x31, 9),
(208, 0x31, 10),
(209, 0x31, 7),
(209, 0x31, 8),
(209, 0x31, 9),
(209, 0x31, 10),
(210, 0x31, 7),
(210, 0x31, 8),
(210, 0x31, 9),
(210, 0x31, 10),
(211, 0x31, 7),
(211, 0x31, 8),
(211, 0x31, 9),
(211, 0x31, 10),
(212, 0x31, 7),
(212, 0x31, 8),
(212, 0x31, 9),
(212, 0x31, 10),
(213, 0x31, 7),
(213, 0x31, 8),
(213, 0x31, 9),
(213, 0x31, 10),
(214, 0x31, 7),
(214, 0x31, 8),
(214, 0x31, 9),
(214, 0x31, 10),
(215, 0x31, 7),
(215, 0x31, 8),
(215, 0x31, 9),
(215, 0x31, 10),
(216, 0x31, 7),
(216, 0x31, 8),
(216, 0x31, 9),
(216, 0x31, 10),
(217, 0x31, 7),
(217, 0x31, 8),
(217, 0x31, 9),
(217, 0x31, 10),
(218, 0x31, 7),
(218, 0x31, 8),
(218, 0x31, 9),
(218, 0x31, 10),
(219, 0x31, 7),
(219, 0x31, 8),
(219, 0x31, 9),
(219, 0x31, 10),
(220, 0x31, 7),
(220, 0x31, 8),
(220, 0x31, 9),
(220, 0x31, 10),
(221, 0x31, 7),
(221, 0x31, 8),
(221, 0x31, 9),
(221, 0x31, 10),
(222, 0x31, 7),
(222, 0x31, 8),
(222, 0x31, 9),
(222, 0x31, 10),
(223, 0x31, 7),
(223, 0x31, 8),
(223, 0x31, 9),
(223, 0x31, 10),
(224, 0x31, 7),
(224, 0x31, 8),
(224, 0x31, 9),
(224, 0x31, 10),
(225, 0x31, 7),
(225, 0x31, 8),
(225, 0x31, 9),
(225, 0x31, 10),
(226, 0x31, 7),
(226, 0x31, 8),
(226, 0x31, 9),
(226, 0x31, 10),
(227, 0x31, 7),
(227, 0x31, 8),
(227, 0x31, 9),
(227, 0x31, 10),
(228, 0x31, 7),
(228, 0x31, 8),
(228, 0x31, 9),
(228, 0x31, 10),
(229, 0x31, 7),
(229, 0x31, 8),
(229, 0x31, 9),
(229, 0x31, 10),
(230, 0x31, 7),
(230, 0x31, 8),
(230, 0x31, 9),
(230, 0x31, 10),
(231, 0x31, 7),
(231, 0x31, 8),
(231, 0x31, 9),
(231, 0x31, 10),
(232, 0x31, 7),
(232, 0x31, 8),
(232, 0x31, 9),
(232, 0x31, 10),
(233, 0x31, 7),
(233, 0x31, 8),
(233, 0x31, 9),
(233, 0x31, 10),
(234, 0x31, 7),
(234, 0x31, 8),
(234, 0x31, 9),
(234, 0x31, 10),
(235, 0x31, 7),
(235, 0x31, 8),
(235, 0x31, 9),
(235, 0x31, 10),
(236, 0x31, 7),
(236, 0x31, 8),
(236, 0x31, 9),
(236, 0x31, 10),
(237, 0x31, 7),
(237, 0x31, 8),
(237, 0x31, 9),
(237, 0x31, 10),
(238, 0x31, 7),
(238, 0x31, 8),
(238, 0x31, 9),
(238, 0x31, 10),
(239, 0x31, 7),
(239, 0x31, 8),
(239, 0x31, 9),
(239, 0x31, 10),
(240, 0x31, 7),
(240, 0x31, 8),
(240, 0x31, 9),
(240, 0x31, 10),
(241, 0x31, 7),
(241, 0x31, 8),
(241, 0x31, 9),
(241, 0x31, 10),
(242, 0x31, 7),
(242, 0x31, 8),
(242, 0x31, 9),
(242, 0x31, 10),
(243, 0x31, 7),
(243, 0x31, 8),
(243, 0x31, 9),
(243, 0x31, 10),
(244, 0x31, 7),
(244, 0x31, 8),
(244, 0x31, 9),
(244, 0x31, 10),
(245, 0x31, 7),
(245, 0x31, 8),
(245, 0x31, 9),
(245, 0x31, 10),
(246, 0x31, 7),
(246, 0x31, 8),
(246, 0x31, 9),
(246, 0x31, 10),
(247, 0x31, 7),
(247, 0x31, 8),
(247, 0x31, 9),
(247, 0x31, 10),
(248, 0x31, 7),
(248, 0x31, 8),
(248, 0x31, 9),
(248, 0x31, 10),
(249, 0x31, 7),
(249, 0x31, 8),
(249, 0x31, 9),
(249, 0x31, 10),
(250, 0x31, 7),
(250, 0x31, 8),
(250, 0x31, 9),
(250, 0x31, 10),
(251, 0x31, 7),
(251, 0x31, 8),
(251, 0x31, 9),
(251, 0x31, 10),
(252, 0x31, 7),
(252, 0x31, 8),
(252, 0x31, 9),
(252, 0x31, 10),
(253, 0x31, 7),
(253, 0x31, 8),
(253, 0x31, 9),
(253, 0x31, 10),
(254, 0x31, 7),
(254, 0x31, 8),
(254, 0x31, 9),
(254, 0x31, 10),
(255, 0x31, 7),
(255, 0x31, 8),
(255, 0x31, 9),
(255, 0x31, 10),
(256, 0x31, 7),
(256, 0x31, 8),
(256, 0x31, 9),
(256, 0x31, 10),
(257, 0x31, 7),
(257, 0x31, 8),
(257, 0x31, 9),
(257, 0x31, 10),
(258, 0x31, 7),
(258, 0x31, 8),
(258, 0x31, 9),
(258, 0x31, 10),
(259, 0x31, 7),
(259, 0x31, 8),
(259, 0x31, 9),
(259, 0x31, 10),
(260, 0x31, 7),
(260, 0x31, 8),
(260, 0x31, 9),
(260, 0x31, 10),
(261, 0x31, 7),
(261, 0x31, 8),
(261, 0x31, 9),
(261, 0x31, 10),
(262, 0x31, 7),
(262, 0x31, 8),
(262, 0x31, 9),
(262, 0x31, 10),
(263, 0x31, 7),
(263, 0x31, 8),
(263, 0x31, 9),
(263, 0x31, 10),
(264, 0x31, 7),
(264, 0x31, 8),
(264, 0x31, 9),
(264, 0x31, 10),
(265, 0x31, 7),
(265, 0x31, 8),
(265, 0x31, 9),
(265, 0x31, 10),
(266, 0x31, 7),
(266, 0x31, 8),
(266, 0x31, 9),
(266, 0x31, 10),
(267, 0x31, 7),
(267, 0x31, 8),
(267, 0x31, 9),
(267, 0x31, 10),
(268, 0x31, 7),
(268, 0x31, 8),
(268, 0x31, 9),
(268, 0x31, 10),
(269, 0x31, 7),
(269, 0x31, 8),
(269, 0x31, 9),
(269, 0x31, 10),
(270, 0x31, 7),
(270, 0x31, 8),
(270, 0x31, 9),
(270, 0x31, 10),
(271, 0x31, 7),
(271, 0x31, 8),
(271, 0x31, 9),
(271, 0x31, 10),
(272, 0x31, 7),
(272, 0x31, 8),
(272, 0x31, 9),
(272, 0x31, 10),
(273, 0x31, 7),
(273, 0x31, 8),
(273, 0x31, 9),
(273, 0x31, 10),
(274, 0x31, 7),
(274, 0x31, 8),
(274, 0x31, 9),
(274, 0x31, 10),
(275, 0x31, 7),
(275, 0x31, 8),
(275, 0x31, 9),
(275, 0x31, 10),
(276, 0x31, 7),
(276, 0x31, 8),
(276, 0x31, 9),
(276, 0x31, 10),
(277, 0x31, 7),
(277, 0x31, 8),
(277, 0x31, 9),
(277, 0x31, 10),
(278, 0x31, 7),
(278, 0x31, 8),
(278, 0x31, 9),
(278, 0x31, 10),
(279, 0x31, 7),
(279, 0x31, 8),
(279, 0x31, 9),
(279, 0x31, 10),
(280, 0x31, 7),
(280, 0x31, 8),
(280, 0x31, 9),
(280, 0x31, 10),
(281, 0x31, 7),
(281, 0x31, 8),
(281, 0x31, 9),
(281, 0x31, 10),
(282, 0x31, 7),
(282, 0x31, 8),
(282, 0x31, 9),
(282, 0x31, 10),
(283, 0x31, 7),
(283, 0x31, 8),
(283, 0x31, 9),
(283, 0x31, 10),
(284, 0x31, 7),
(284, 0x31, 8),
(284, 0x31, 9),
(284, 0x31, 10),
(285, 0x31, 7),
(285, 0x31, 8),
(285, 0x31, 9),
(285, 0x31, 10),
(286, 0x31, 7),
(286, 0x31, 8),
(286, 0x31, 9),
(286, 0x31, 10),
(287, 0x31, 7),
(287, 0x31, 8),
(287, 0x31, 9),
(287, 0x31, 10),
(288, 0x31, 7),
(288, 0x31, 8),
(288, 0x31, 9),
(288, 0x31, 10),
(289, 0x31, 7),
(289, 0x31, 8),
(289, 0x31, 9),
(289, 0x31, 10),
(290, 0x31, 7),
(290, 0x31, 8),
(290, 0x31, 9),
(290, 0x31, 10),
(291, 0x31, 7),
(291, 0x31, 8),
(291, 0x31, 9),
(291, 0x31, 10),
(292, 0x31, 7),
(292, 0x31, 8),
(292, 0x31, 9),
(292, 0x31, 10),
(293, 0x31, 7),
(293, 0x31, 8),
(293, 0x31, 9),
(293, 0x31, 10),
(294, 0x31, 7),
(294, 0x31, 8),
(294, 0x31, 9),
(294, 0x31, 10),
(295, 0x31, 7),
(295, 0x31, 8),
(295, 0x31, 9),
(295, 0x31, 10),
(296, 0x31, 7),
(296, 0x31, 8),
(296, 0x31, 9),
(296, 0x31, 10),
(297, 0x31, 7),
(297, 0x31, 8),
(297, 0x31, 9),
(297, 0x31, 10),
(298, 0x31, 7),
(298, 0x31, 8),
(298, 0x31, 9),
(298, 0x31, 10),
(299, 0x31, 7),
(299, 0x31, 8),
(299, 0x31, 9),
(299, 0x31, 10),
(300, 0x31, 7),
(300, 0x31, 8),
(300, 0x31, 9),
(300, 0x31, 10),
(301, 0x31, 6),
(301, 0x31, 11),
(302, 0x31, 6),
(302, 0x31, 11),
(303, 0x31, 6),
(303, 0x31, 11),
(304, 0x31, 6),
(304, 0x31, 11),
(305, 0x31, 6),
(305, 0x31, 11),
(306, 0x31, 6),
(306, 0x31, 11),
(307, 0x31, 6),
(307, 0x31, 11),
(308, 0x31, 6),
(308, 0x31, 11),
(309, 0x31, 6),
(309, 0x31, 11),
(310, 0x31, 6),
(310, 0x31, 11),
(311, 0x31, 6),
(311, 0x31, 11),
(312, 0x31, 6),
(312, 0x31, 11),
(313, 0x31, 6),
(313, 0x31, 11),
(314, 0x31, 6),
(314, 0x31, 11),
(315, 0x31, 6),
(315, 0x31, 11),
(316, 0x31, 6),
(316, 0x31, 11),
(317, 0x31, 6),
(317, 0x31, 11),
(318, 0x31, 6),
(318, 0x31, 11),
(319, 0x31, 6),
(319, 0x31, 11),
(320, 0x31, 6),
(320, 0x31, 11),
(321, 0x31, 6),
(321, 0x31, 11),
(322, 0x31, 6),
(322, 0x31, 11),
(323, 0x31, 6),
(323, 0x31, 11),
(324, 0x31, 6),
(324, 0x31, 11),
(325, 0x31, 6),
(325, 0x31, 11),
(326, 0x31, 6),
(326, 0x31, 11),
(327, 0x31, 6),
(327, 0x31, 11),
(328, 0x31, 6),
(328, 0x31, 11),
(329, 0x31, 6),
(329, 0x31, 11),
(330, 0x31, 6),
(330, 0x31, 11),
(331, 0x31, 6),
(331, 0x31, 11),
(332, 0x31, 6),
(332, 0x31, 11),
(333, 0x31, 6),
(333, 0x31, 11),
(334, 0x31, 6),
(334, 0x31, 11),
(335, 0x31, 6),
(335, 0x31, 11),
(336, 0x31, 6),
(336, 0x31, 11),
(337, 0x31, 6),
(337, 0x31, 11),
(338, 0x31, 6),
(338, 0x31, 11),
(339, 0x31, 6),
(339, 0x31, 11),
(340, 0x31, 6),
(340, 0x31, 11),
(341, 0x31, 6),
(341, 0x31, 11),
(342, 0x31, 6),
(342, 0x31, 11),
(343, 0x31, 6),
(343, 0x31, 11),
(344, 0x31, 6),
(344, 0x31, 11),
(345, 0x31, 6),
(345, 0x31, 11),
(346, 0x31, 6),
(346, 0x31, 11),
(347, 0x31, 6),
(347, 0x31, 11),
(348, 0x31, 6),
(348, 0x31, 11),
(349, 0x31, 6),
(349, 0x31, 11),
(350, 0x31, 6),
(350, 0x31, 11),
(351, 0x31, 6),
(351, 0x31, 11),
(352, 0x31, 6),
(352, 0x31, 11),
(353, 0x31, 6),
(353, 0x31, 11),
(354, 0x31, 6),
(354, 0x31, 11),
(355, 0x31, 6),
(355, 0x31, 11),
(356, 0x31, 6),
(356, 0x31, 11),
(357, 0x31, 6),
(357, 0x31, 11),
(358, 0x31, 6),
(358, 0x31, 11),
(359, 0x31, 6),
(359, 0x31, 11),
(360, 0x31, 6),
(360, 0x31, 11),
(361, 0x31, 6),
(361, 0x31, 11),
(362, 0x31, 6),
(362, 0x31, 11),
(363, 0x31, 6),
(363, 0x31, 11),
(364, 0x31, 6),
(364, 0x31, 11),
(365, 0x31, 6),
(365, 0x31, 11),
(366, 0x31, 6),
(366, 0x31, 11),
(367, 0x31, 6),
(367, 0x31, 11),
(368, 0x31, 6),
(368, 0x31, 11),
(369, 0x31, 6),
(369, 0x31, 11),
(370, 0x31, 6),
(370, 0x31, 11),
(371, 0x31, 6),
(371, 0x31, 11),
(372, 0x31, 6),
(372, 0x31, 11),
(373, 0x31, 6),
(373, 0x31, 11),
(374, 0x31, 6),
(374, 0x31, 11),
(375, 0x31, 6),
(375, 0x31, 11),
(376, 0x31, 6),
(376, 0x31, 11),
(377, 0x31, 6),
(377, 0x31, 11),
(378, 0x31, 6),
(378, 0x31, 11),
(379, 0x31, 6),
(379, 0x31, 11),
(380, 0x31, 6),
(380, 0x31, 11),
(381, 0x31, 6),
(381, 0x31, 11),
(382, 0x31, 6),
(382, 0x31, 11),
(383, 0x31, 6),
(383, 0x31, 11),
(384, 0x31, 6),
(384, 0x31, 11),
(385, 0x31, 6),
(385, 0x31, 11),
(386, 0x31, 6),
(386, 0x31, 11),
(387, 0x31, 6),
(387, 0x31, 11),
(388, 0x31, 6),
(388, 0x31, 11),
(389, 0x31, 6),
(389, 0x31, 11),
(390, 0x31, 6),
(390, 0x31, 11),
(391, 0x31, 6),
(391, 0x31, 11),
(392, 0x31, 6),
(392, 0x31, 11),
(393, 0x31, 6),
(393, 0x31, 11),
(394, 0x31, 6),
(394, 0x31, 11),
(395, 0x31, 6),
(395, 0x31, 11),
(396, 0x31, 6),
(396, 0x31, 11),
(397, 0x31, 6),
(397, 0x31, 11),
(398, 0x31, 6),
(398, 0x31, 11),
(399, 0x31, 6),
(399, 0x31, 11),
(400, 0x31, 6),
(400, 0x31, 11),
(401, 0x31, 6),
(401, 0x31, 11),
(402, 0x31, 6),
(402, 0x31, 11),
(403, 0x31, 6),
(403, 0x31, 11),
(404, 0x31, 6),
(404, 0x31, 11),
(405, 0x31, 6),
(405, 0x31, 11),
(406, 0x31, 6),
(406, 0x31, 11),
(407, 0x31, 6),
(407, 0x31, 11),
(408, 0x31, 6),
(408, 0x31, 11),
(409, 0x31, 6),
(409, 0x31, 11),
(410, 0x31, 6),
(410, 0x31, 11),
(411, 0x31, 6),
(411, 0x31, 11),
(412, 0x31, 6),
(412, 0x31, 11),
(413, 0x31, 6),
(413, 0x31, 11),
(414, 0x31, 6),
(414, 0x31, 11),
(415, 0x31, 6),
(415, 0x31, 11),
(416, 0x31, 6),
(416, 0x31, 11),
(417, 0x31, 6),
(417, 0x31, 11),
(418, 0x31, 6),
(418, 0x31, 11),
(419, 0x31, 6),
(419, 0x31, 11),
(420, 0x31, 6),
(420, 0x31, 11),
(421, 0x31, 4),
(421, 0x31, 5),
(421, 0x31, 12),
(422, 0x31, 4),
(422, 0x31, 5),
(422, 0x31, 12),
(423, 0x31, 4),
(423, 0x31, 5),
(423, 0x31, 12),
(424, 0x31, 4),
(424, 0x31, 5),
(424, 0x31, 12),
(425, 0x31, 4),
(425, 0x31, 5),
(425, 0x31, 12),
(426, 0x31, 4),
(426, 0x31, 5),
(426, 0x31, 12),
(427, 0x31, 4),
(427, 0x31, 5),
(427, 0x31, 12),
(428, 0x31, 4),
(428, 0x31, 5),
(428, 0x31, 12),
(429, 0x31, 4),
(429, 0x31, 5),
(429, 0x31, 12),
(430, 0x31, 4),
(430, 0x31, 5),
(430, 0x31, 12),
(431, 0x31, 4),
(431, 0x31, 5),
(431, 0x31, 12),
(432, 0x31, 4),
(432, 0x31, 5),
(432, 0x31, 12),
(433, 0x31, 4),
(433, 0x31, 5),
(433, 0x31, 12),
(434, 0x31, 4),
(434, 0x31, 5),
(434, 0x31, 12),
(435, 0x31, 4),
(435, 0x31, 5),
(435, 0x31, 12),
(436, 0x31, 4),
(436, 0x31, 5),
(436, 0x31, 12),
(437, 0x31, 4),
(437, 0x31, 5),
(437, 0x31, 12),
(438, 0x31, 4),
(438, 0x31, 5),
(438, 0x31, 12),
(439, 0x31, 4),
(439, 0x31, 5),
(439, 0x31, 12),
(440, 0x31, 4),
(440, 0x31, 5),
(440, 0x31, 12),
(441, 0x31, 4),
(441, 0x31, 5),
(441, 0x31, 12),
(442, 0x31, 4),
(442, 0x31, 5),
(442, 0x31, 12),
(443, 0x31, 4),
(443, 0x31, 5),
(443, 0x31, 12),
(444, 0x31, 4),
(444, 0x31, 5),
(444, 0x31, 12),
(445, 0x31, 4),
(445, 0x31, 5),
(445, 0x31, 12),
(446, 0x31, 4),
(446, 0x31, 5),
(446, 0x31, 12),
(447, 0x31, 4),
(447, 0x31, 5),
(447, 0x31, 12),
(448, 0x31, 4),
(448, 0x31, 5),
(448, 0x31, 12),
(449, 0x31, 4),
(449, 0x31, 5),
(449, 0x31, 12),
(450, 0x31, 4),
(450, 0x31, 5),
(450, 0x31, 12),
(451, 0x31, 4),
(451, 0x31, 5),
(451, 0x31, 12),
(452, 0x31, 4),
(452, 0x31, 5),
(452, 0x31, 12),
(453, 0x31, 13),
(453, 0x31, 14),
(453, 0x31, 15),
(454, 0x31, 13),
(454, 0x31, 14),
(454, 0x31, 15),
(455, 0x31, 13),
(455, 0x31, 14),
(455, 0x31, 15),
(456, 0x31, 13),
(456, 0x31, 14),
(456, 0x31, 15),
(457, 0x31, 13),
(457, 0x31, 14),
(457, 0x31, 15),
(458, 0x31, 13),
(458, 0x31, 14),
(458, 0x31, 15),
(459, 0x31, 13),
(459, 0x31, 14),
(459, 0x31, 15),
(460, 0x31, 13),
(460, 0x31, 14),
(460, 0x31, 15),
(461, 0x31, 13),
(461, 0x31, 14),
(461, 0x31, 15),
(462, 0x31, 13),
(462, 0x31, 14),
(462, 0x31, 15),
(463, 0x31, 13),
(463, 0x31, 14),
(463, 0x31, 15),
(464, 0x31, 13),
(464, 0x31, 14),
(464, 0x31, 15),
(465, 0x31, 13),
(465, 0x31, 14),
(465, 0x31, 15),
(466, 0x31, 13),
(466, 0x31, 14),
(466, 0x31, 15),
(467, 0x31, 13),
(467, 0x31, 14),
(467, 0x31, 15),
(468, 0x31, 13),
(468, 0x31, 14),
(468, 0x31, 15),
(469, 0x31, 13),
(469, 0x31, 14),
(469, 0x31, 15),
(470, 0x31, 13),
(470, 0x31, 14),
(470, 0x31, 15),
(471, 0x31, 13),
(471, 0x31, 14),
(471, 0x31, 15),
(472, 0x31, 13),
(472, 0x31, 14),
(472, 0x31, 15),
(473, 0x31, 13),
(473, 0x31, 14),
(473, 0x31, 15),
(474, 0x31, 13),
(474, 0x31, 14),
(474, 0x31, 15),
(475, 0x31, 13),
(475, 0x31, 14),
(475, 0x31, 15),
(476, 0x31, 13),
(476, 0x31, 14),
(476, 0x31, 15),
(477, 0x31, 13),
(477, 0x31, 14),
(477, 0x31, 15),
(478, 0x31, 13),
(478, 0x31, 14),
(478, 0x31, 15),
(479, 0x31, 13),
(479, 0x31, 14),
(479, 0x31, 15),
(480, 0x31, 13),
(480, 0x31, 14),
(480, 0x31, 15),
(481, 0x31, 13),
(481, 0x31, 14),
(481, 0x31, 15),
(482, 0x31, 13),
(482, 0x31, 14),
(482, 0x31, 15),
(483, 0x31, 13),
(483, 0x31, 14),
(483, 0x31, 15),
(484, 0x31, 13),
(484, 0x31, 14),
(484, 0x31, 15),
(485, 0x31, 13),
(485, 0x31, 14),
(485, 0x31, 15),
(486, 0x31, 13),
(486, 0x31, 14),
(486, 0x31, 15),
(487, 0x31, 13),
(487, 0x31, 14),
(487, 0x31, 15),
(488, 0x31, 13),
(488, 0x31, 14),
(488, 0x31, 15),
(489, 0x31, 13),
(489, 0x31, 14),
(489, 0x31, 15),
(490, 0x31, 13),
(490, 0x31, 14),
(490, 0x31, 15),
(491, 0x31, 13),
(491, 0x31, 14),
(491, 0x31, 15),
(492, 0x31, 13),
(492, 0x31, 14),
(492, 0x31, 15),
(493, 0x31, 13),
(493, 0x31, 14),
(493, 0x31, 15),
(494, 0x31, 13),
(494, 0x31, 14),
(494, 0x31, 15),
(495, 0x31, 13),
(495, 0x31, 14),
(495, 0x31, 15),
(496, 0x31, 13),
(496, 0x31, 14),
(496, 0x31, 15),
(497, 0x31, 13),
(497, 0x31, 14),
(497, 0x31, 15),
(498, 0x31, 13),
(498, 0x31, 14),
(498, 0x31, 15),
(499, 0x31, 13),
(499, 0x31, 14),
(499, 0x31, 15),
(500, 0x31, 13),
(500, 0x31, 14),
(500, 0x31, 15),
(501, 0x31, 13),
(501, 0x31, 14),
(501, 0x31, 15),
(502, 0x31, 13),
(502, 0x31, 14),
(502, 0x31, 15),
(503, 0x31, 13),
(503, 0x31, 14),
(503, 0x31, 15),
(504, 0x31, 13),
(504, 0x31, 14),
(504, 0x31, 15),
(505, 0x31, 13),
(505, 0x31, 14),
(505, 0x31, 15),
(506, 0x31, 13),
(506, 0x31, 14),
(506, 0x31, 15),
(507, 0x31, 13),
(507, 0x31, 14),
(507, 0x31, 15),
(508, 0x31, 13),
(508, 0x31, 14),
(508, 0x31, 15),
(509, 0x31, 13),
(509, 0x31, 14),
(509, 0x31, 15),
(510, 0x31, 13),
(510, 0x31, 14),
(510, 0x31, 15),
(511, 0x31, 13),
(511, 0x31, 14),
(511, 0x31, 15),
(512, 0x31, 13),
(512, 0x31, 14),
(512, 0x31, 15),
(513, 0x31, 13),
(513, 0x31, 14),
(513, 0x31, 15),
(514, 0x31, 13),
(514, 0x31, 14),
(514, 0x31, 15),
(515, 0x31, 13),
(515, 0x31, 14),
(515, 0x31, 15),
(516, 0x31, 13),
(516, 0x31, 14),
(516, 0x31, 15),
(517, 0x31, 13),
(517, 0x31, 14),
(517, 0x31, 15),
(518, 0x31, 13),
(518, 0x31, 14),
(518, 0x31, 15),
(519, 0x31, 13),
(519, 0x31, 14),
(519, 0x31, 15),
(520, 0x31, 13),
(520, 0x31, 14),
(520, 0x31, 15),
(521, 0x31, 13),
(521, 0x31, 14),
(521, 0x31, 15),
(522, 0x31, 13),
(522, 0x31, 14),
(522, 0x31, 15),
(523, 0x31, 13),
(523, 0x31, 14),
(523, 0x31, 15),
(524, 0x31, 13),
(524, 0x31, 14),
(524, 0x31, 15),
(525, 0x31, 13),
(525, 0x31, 14),
(525, 0x31, 15),
(526, 0x31, 13),
(526, 0x31, 14),
(526, 0x31, 15),
(527, 0x31, 13),
(527, 0x31, 14),
(527, 0x31, 15),
(528, 0x31, 13),
(528, 0x31, 14),
(528, 0x31, 15),
(529, 0x31, 13),
(529, 0x31, 14),
(529, 0x31, 15),
(530, 0x31, 13),
(530, 0x31, 14),
(530, 0x31, 15),
(531, 0x31, 13),
(531, 0x31, 14),
(531, 0x31, 15),
(532, 0x31, 13),
(532, 0x31, 14),
(532, 0x31, 15),
(533, 0x31, 13),
(533, 0x31, 14),
(533, 0x31, 15),
(534, 0x31, 13),
(534, 0x31, 14),
(534, 0x31, 15),
(535, 0x31, 13),
(535, 0x31, 14),
(535, 0x31, 15),
(536, 0x31, 13),
(536, 0x31, 14),
(536, 0x31, 15),
(537, 0x31, 13),
(537, 0x31, 14),
(537, 0x31, 15),
(538, 0x31, 13),
(538, 0x31, 14),
(538, 0x31, 15),
(539, 0x31, 13),
(539, 0x31, 14),
(539, 0x31, 15),
(540, 0x31, 13),
(540, 0x31, 14),
(540, 0x31, 15),
(541, 0x31, 13),
(541, 0x31, 14),
(541, 0x31, 15),
(542, 0x31, 13),
(542, 0x31, 14),
(542, 0x31, 15),
(543, 0x31, 13),
(543, 0x31, 14),
(543, 0x31, 15),
(544, 0x31, 13),
(544, 0x31, 14),
(544, 0x31, 15),
(545, 0x31, 13),
(545, 0x31, 14),
(545, 0x31, 15),
(546, 0x31, 13),
(546, 0x31, 14),
(546, 0x31, 15),
(547, 0x31, 13),
(547, 0x31, 14),
(547, 0x31, 15),
(548, 0x31, 13),
(548, 0x31, 14),
(548, 0x31, 15),
(549, 0x31, 13),
(549, 0x31, 14),
(549, 0x31, 15),
(550, 0x31, 13),
(550, 0x31, 14),
(550, 0x31, 15),
(551, 0x31, 13),
(551, 0x31, 14),
(551, 0x31, 15),
(552, 0x31, 13),
(552, 0x31, 14),
(552, 0x31, 15);

-- --------------------------------------------------------

--
-- Δομή πίνακα για τον πίνακα `customer`
--

CREATE TABLE `customer` (
  `Cust_ID` int(10) NOT NULL,
  `Username` varchar(20) NOT NULL,
  `Password` varchar(20) NOT NULL,
  `Email` varchar(30) NOT NULL,
  `Phone` int(13) NOT NULL,
  `CustomerName` varchar(20) NOT NULL,
  `CustomerSurname` varchar(20) NOT NULL
) ENGINE=InnoDB DEFAULT CHARSET=utf8mb4;

-- --------------------------------------------------------

--
-- Δομή πίνακα για τον πίνακα `discount`
--

CREATE TABLE `discount` (
  `Discount_ID` int(12) NOT NULL,
  `Event_ID` int(10) NOT NULL,
  `DiscountType` varchar(10) NOT NULL,
  `DiscountPercentage` float DEFAULT NULL
) ENGINE=InnoDB DEFAULT CHARSET=utf8mb4;

--
-- Άδειασμα δεδομένων του πίνακα `discount`
--

INSERT INTO `discount` (`Discount_ID`, `Event_ID`, `DiscountType`, `DiscountPercentage`) VALUES
(1, 3, 'Φοιτική', 0.25),
(2, 3, 'Άνεργοι', 0.25),
(3, 3, 'ΑΜΕΑ', 0.25),
(4, 4, 'Άνεργοι', 0.3),
(5, 6, 'Άνεργοι', 0.5),
(6, 6, 'Πολύτεκνοι', 0.5),
(7, 9, '‘Άνεργοι', 0.25);

-- --------------------------------------------------------

--
-- Δομή πίνακα για τον πίνακα `event`
--

CREATE TABLE `event` (
  `Event_ID` int(10) NOT NULL,
  `EventTitle` varchar(40) NOT NULL,
  `EventType` varchar(10) NOT NULL,
  `EventDescription` text NOT NULL,
  `EventCost` varchar(6) NOT NULL,
  `Municipality_ID` int(10) NOT NULL,
  `Location_ID` int(10) NOT NULL
) ENGINE=InnoDB DEFAULT CHARSET=utf8mb4;

--
-- Άδειασμα δεδομένων του πίνακα `event`
--

INSERT INTO `event` (`Event_ID`, `EventTitle`, `EventType`, `EventDescription`, `EventCost`, `Municipality_ID`, `Location_ID`) VALUES
(1, 'Ερωτόκριτος', 'Παράσταση', 'Το Θεατροδρόμιο παρουσιάζει την παράσταση για παιδιά και μεγάλους «Ερωτόκριτος»', '0', 1, 1),
(2, 'Μαθητική Μπαντίνα', 'Κονσέρτο', 'Παρουσίαση μαθητικής μπαντίνας των Μουσικών Σχολών «ΧΑΡΗΣ ΣΑΡΡΗΣ»', '0', 1, 1),
(3, 'ΛΩΞΑΝΤΡΑ', 'Παράσταση', '«ΛΩΞΑΝΤΡΑ» της Μαρίας Ιορδανίδου σε σκηνοθεσία Σωτήρη Χατζάκη', '20', 1, 4),
(4, 'Ταξίδι στην Μελωδία', 'Συναυλία', 'ΡΕΣΙΤΑΛ ΚΙΘΑΡΑΣ Σπουδαίων Ελλήνων Κιθαριστών', '7', 1, 3),
(5, 'Η Μάσα και ο αρκούδος', 'Παράσταση', 'Το ΘΕΑΤΡΟ ΤΕΧΝΗ & ΟΡΑΜΑ Παιδική σκηνή Δελφινάκι παρουσιάζει το παραδοσιακό ρωσικό παραμύθι «Η Μάσα και ο αρκούδος» σε τέσσερις παραστάσεις.', '8', 1, 2),
(6, 'ΤΟ ΝΗΣΙ ΤΩΝ ΣΥΝΑΙΣΘΗΜΑΤΩΝ', 'Παράσταση', 'Η παράσταση απευθύνεται σε παιδιά από 4-12 ετών, ανοικτό θέατρο “Πύλη Βηθλεέμ”: ΘΕΑΤΡΟ ΓΙΑ ΠΑΙΔΙΑ και όχι μόνο. Η διεθνής ομάδα Hippo παρουσιάζει τη διαδραστική παράσταση «ΤΟ ΝΗΣΙ ΤΩΝ ΣΥΝΑΙΣΘΗΜΑΤΩΝ» βασισμένη σε μια ιστορία του Χορχέ Μπουκάι.', '10', 1, 3),
(7, 'Αφιέρωμα στον Bach', 'Κονσέρτο', 'Η Ορχήστρα «Young Masters» του Johann Sebastian Bach Music School του Μουσικού Πανεπιστημίου της Βιέννης, θα συμπράξει με την Συμφωνική Ορχήστρα Νέων Κρήτης Δήμου Ηρακλείου και θα πραγματοποιήσει μία συναυλία στα πλαίσια των εκδηλώσεων για το «Ελληνοαυστριακό Μουσικό Καλοκαίρι» σε συνεργασία με την J.S.Bach Musikschule και του Πανεπιστημίου Μουσικής Βιέννης.', '0', 1, 4),
(8, 'Οι Καλόπιστοι Θεατρίνοι', 'Παράσταση', 'Το ΔΗ.ΠΕ.ΘΕ. Πάτρας παρουσιάζει την παράσταση «οι Καλόπιστοι Θεατρίνοι» του Μαριβώ, η οποία πραγματοποιείται στο πλαίσιο του έργου NeTT- Δίκτυο Θεάτρων για την αξιοποίηση της Πολιτιστικής και Φυσικής Κληρονομιάς και την ανάπτυξη του Αειφόρου Τουρισμού (Network of Theatres for the valorization of Cultural and Natural Heritage to develop a Sustainable Tourism) του προγράμματος Ευρωπαϊκής Εδαφικής Συνεργασίας INTERREG Ελλάδα Ιταλία 2014-2020.', '0', 2, 5),
(9, 'Δεν είμαστε κουραμπιέδες!', 'Stand up', 'Τρεις ηθοποιοί επί σκηνής αφηγούνται ιστορίες πασχίζοντας να ψυχαγωγήσουν τους θεατές και να δικαιολογήσουν την ύπαρξή τους σε μια εποχή που η Τέχνη απαξιώνεται και θεωρείται περιττή πολυτέλεια. Οι ηθοποιοί, μαζί με το κοινό, ανακαλύπτουν τη χαρά της δημιουργίας, το παράλογο και την ποίηση που παρεισφρέουν στην καθημερινότητα, τις μικρές, θριαμβευτικές νίκες της ζωής έναντι του θανάτου.', '8', 2, 5);

-- --------------------------------------------------------

--
-- Δομή πίνακα για τον πίνακα `location`
--

CREATE TABLE `location` (
  `Location_ID` int(10) NOT NULL,
  `VenueName` varchar(50) NOT NULL,
  `VenueType` varchar(20) NOT NULL,
  `Town` varchar(20) NOT NULL,
  `Street` varchar(50) NOT NULL,
  `StreetNumber` varchar(4) NOT NULL,
  `PostalCode` int(5) NOT NULL,
  `Municipality_ID` int(10) NOT NULL
) ENGINE=InnoDB DEFAULT CHARSET=utf8mb4;

--
-- Άδειασμα δεδομένων του πίνακα `location`
--

INSERT INTO `location` (`Location_ID`, `VenueName`, `VenueType`, `Town`, `Street`, `StreetNumber`, `PostalCode`, `Municipality_ID`) VALUES
(1, 'Κηποθέατρο Μάνος Χατζηδάκης', 'Θέατρο', 'Ηράκλειο', 'Λεωφόρος Νικολάου Πλαστήρα', '12', 71201, 1),
(2, 'Πύλη Βηθλεέμ', 'Ανοιχτό Θέατρο', 'Ηράκλειο', 'Λεωφόρος Νικολάου Πλαστήρα', '67', 71201, 1),
(3, 'Κηποθέατρο Ν. Καζαντζάκης', 'Ανοιχτό Θέατρο', 'Ηράκλειο', 'Γεωρ. Γεωργιάδου', '1', 71305, 1),
(4, 'Τεχνόπολις', 'Σινεμά', 'Ηράκλειο', 'Αμουδάρα', '127', 71606, 1),
(5, 'Δημοτικό Θέατρο Απόλλων', 'Κλειστό θέατρο', 'Πάτρα', 'Πλ. Γεωρ. Α 31', '31', 26221, 2);

-- --------------------------------------------------------

--
-- Δομή πίνακα για τον πίνακα `municipality`
--

CREATE TABLE `municipality` (
  `Municipality_ID` int(10) NOT NULL,
  `Username` varchar(20) NOT NULL,
  `MunPassword` varchar(20) NOT NULL,
  `Email` varchar(30) NOT NULL
) ENGINE=InnoDB DEFAULT CHARSET=utf8mb4;

--
-- Άδειασμα δεδομένων του πίνακα `municipality`
--

INSERT INTO `municipality` (`Municipality_ID`, `Username`, `MunPassword`, `Email`) VALUES
(1, 'MuncHeraklion', '1234', 'heraklion@municipality.gr'),
(2, 'MuncPatras', '1111', 'patras@municipality.gr');

-- --------------------------------------------------------

--
-- Δομή πίνακα για τον πίνακα `projection`
--

CREATE TABLE `projection` (
  `Projection_ID` int(10) NOT NULL,
  `ProjectionDate` date NOT NULL,
  `ProjectionTime` time NOT NULL,
  `Duration` varchar(15) NOT NULL,
  `Event_ID` int(10) NOT NULL
) ENGINE=InnoDB DEFAULT CHARSET=utf8mb4;

--
-- Άδειασμα δεδομένων του πίνακα `projection`
--

INSERT INTO `projection` (`Projection_ID`, `ProjectionDate`, `ProjectionTime`, `Duration`, `Event_ID`) VALUES
(1, '2021-07-08', '21:30:00', '80 λεπτά', 1),
(2, '2021-07-09', '22:30:00', '80 λεπτά', 1),
(3, '2021-07-03', '21:30:00', '2 ώρες', 2),
(4, '2021-07-10', '21:30:00', '120 λεπτά', 3),
(5, '2021-07-11', '21:30:00', '120 λεπτά', 3),
(6, '2021-07-10', '21:30:00', '120 λεπτά', 4),
(7, '2021-07-11', '19:30:00', '100 λεπτά', 5),
(8, '2021-07-11', '21:30:00', '100 λεπτά', 5),
(9, '2021-07-12', '19:30:00', '100 λεπτά', 5),
(10, '2021-07-12', '21:30:00', '100 λεπτά', 5),
(11, '2021-07-12', '21:30:00', '90 λεπτά', 6),
(12, '2021-07-14', '21:30:00', '80 λεπτά', 7),
(13, '2021-07-13', '21:00:00', '90 λεπτά', 8),
(14, '2021-07-14', '22:00:00', '90 λεπτά', 8),
(15, '2021-09-11', '21:30:00', '100 λεπτά', 9);

-- --------------------------------------------------------

--
-- Δομή πίνακα για τον πίνακα `seat`
--

CREATE TABLE `seat` (
  `Seat_ID` int(20) NOT NULL,
  `Seat_Number` int(20) NOT NULL,
  `Location_ID` int(10) NOT NULL,
  `SeatRegion` varchar(20) DEFAULT NULL,
  `SeatRow` int(10) DEFAULT NULL,
  `SeatColumn` int(10) DEFAULT NULL
) ENGINE=InnoDB DEFAULT CHARSET=utf8mb4;

--
-- Άδειασμα δεδομένων του πίνακα `seat`
--

INSERT INTO `seat` (`Seat_ID`, `Seat_Number`, `Location_ID`, `SeatRegion`, `SeatRow`, `SeatColumn`) VALUES
(1, 1, 1, NULL, NULL, NULL),
(2, 2, 1, NULL, NULL, NULL),
(3, 3, 1, NULL, NULL, NULL),
(4, 4, 1, NULL, NULL, NULL),
(5, 5, 1, NULL, NULL, NULL),
(6, 6, 1, NULL, NULL, NULL),
(7, 7, 1, NULL, NULL, NULL),
(8, 8, 1, NULL, NULL, NULL),
(9, 9, 1, NULL, NULL, NULL),
(10, 10, 1, NULL, NULL, NULL),
(11, 11, 1, NULL, NULL, NULL),
(12, 12, 1, NULL, NULL, NULL),
(13, 13, 1, NULL, NULL, NULL),
(14, 14, 1, NULL, NULL, NULL),
(15, 15, 1, NULL, NULL, NULL),
(16, 16, 1, NULL, NULL, NULL),
(17, 17, 1, NULL, NULL, NULL),
(18, 18, 1, NULL, NULL, NULL),
(19, 19, 1, NULL, NULL, NULL),
(20, 20, 1, NULL, NULL, NULL),
(21, 21, 1, NULL, NULL, NULL),
(22, 22, 1, NULL, NULL, NULL),
(23, 23, 1, NULL, NULL, NULL),
(24, 24, 1, NULL, NULL, NULL),
(25, 25, 1, NULL, NULL, NULL),
(26, 26, 1, NULL, NULL, NULL),
(27, 27, 1, NULL, NULL, NULL),
(28, 28, 1, NULL, NULL, NULL),
(29, 29, 1, NULL, NULL, NULL),
(30, 30, 1, NULL, NULL, NULL),
(31, 31, 1, NULL, NULL, NULL),
(32, 32, 1, NULL, NULL, NULL),
(33, 33, 1, NULL, NULL, NULL),
(34, 34, 1, NULL, NULL, NULL),
(35, 35, 1, NULL, NULL, NULL),
(36, 36, 1, NULL, NULL, NULL),
(37, 37, 1, NULL, NULL, NULL),
(38, 38, 1, NULL, NULL, NULL),
(39, 39, 1, NULL, NULL, NULL),
(40, 40, 1, NULL, NULL, NULL),
(41, 41, 1, NULL, NULL, NULL),
(42, 42, 1, NULL, NULL, NULL),
(43, 43, 1, NULL, NULL, NULL),
(44, 44, 1, NULL, NULL, NULL),
(45, 45, 1, NULL, NULL, NULL),
(46, 46, 1, NULL, NULL, NULL),
(47, 47, 1, NULL, NULL, NULL),
(48, 48, 1, NULL, NULL, NULL),
(49, 49, 1, NULL, NULL, NULL),
(50, 50, 1, NULL, NULL, NULL),
(51, 51, 1, NULL, NULL, NULL),
(52, 52, 1, NULL, NULL, NULL),
(53, 53, 1, NULL, NULL, NULL),
(54, 54, 1, NULL, NULL, NULL),
(55, 55, 1, NULL, NULL, NULL),
(56, 56, 1, NULL, NULL, NULL),
(57, 57, 1, NULL, NULL, NULL),
(58, 58, 1, NULL, NULL, NULL),
(59, 59, 1, NULL, NULL, NULL),
(60, 60, 1, NULL, NULL, NULL),
(61, 61, 1, NULL, NULL, NULL),
(62, 62, 1, NULL, NULL, NULL),
(63, 63, 1, NULL, NULL, NULL),
(64, 64, 1, NULL, NULL, NULL),
(65, 65, 1, NULL, NULL, NULL),
(66, 66, 1, NULL, NULL, NULL),
(67, 67, 1, NULL, NULL, NULL),
(68, 68, 1, NULL, NULL, NULL),
(69, 69, 1, NULL, NULL, NULL),
(70, 70, 1, NULL, NULL, NULL),
(71, 71, 1, NULL, NULL, NULL),
(72, 72, 1, NULL, NULL, NULL),
(73, 73, 1, NULL, NULL, NULL),
(74, 74, 1, NULL, NULL, NULL),
(75, 75, 1, NULL, NULL, NULL),
(76, 76, 1, NULL, NULL, NULL),
(77, 77, 1, NULL, NULL, NULL),
(78, 78, 1, NULL, NULL, NULL),
(79, 79, 1, NULL, NULL, NULL),
(80, 80, 1, NULL, NULL, NULL),
(81, 81, 1, NULL, NULL, NULL),
(82, 82, 1, NULL, NULL, NULL),
(83, 83, 1, NULL, NULL, NULL),
(84, 84, 1, NULL, NULL, NULL),
(85, 85, 1, NULL, NULL, NULL),
(86, 86, 1, NULL, NULL, NULL),
(87, 87, 1, NULL, NULL, NULL),
(88, 88, 1, NULL, NULL, NULL),
(89, 89, 1, NULL, NULL, NULL),
(90, 90, 1, NULL, NULL, NULL),
(91, 91, 1, NULL, NULL, NULL),
(92, 92, 1, NULL, NULL, NULL),
(93, 93, 1, NULL, NULL, NULL),
(94, 94, 1, NULL, NULL, NULL),
(95, 95, 1, NULL, NULL, NULL),
(96, 96, 1, NULL, NULL, NULL),
(97, 97, 1, NULL, NULL, NULL),
(98, 98, 1, NULL, NULL, NULL),
(99, 99, 1, NULL, NULL, NULL),
(100, 100, 1, NULL, NULL, NULL),
(101, 1, 2, NULL, NULL, NULL),
(102, 2, 2, NULL, NULL, NULL),
(103, 3, 2, NULL, NULL, NULL),
(104, 4, 2, NULL, NULL, NULL),
(105, 5, 2, NULL, NULL, NULL),
(106, 6, 2, NULL, NULL, NULL),
(107, 7, 2, NULL, NULL, NULL),
(108, 8, 2, NULL, NULL, NULL),
(109, 9, 2, NULL, NULL, NULL),
(110, 10, 2, NULL, NULL, NULL),
(111, 11, 2, NULL, NULL, NULL),
(112, 12, 2, NULL, NULL, NULL),
(113, 13, 2, NULL, NULL, NULL),
(114, 14, 2, NULL, NULL, NULL),
(115, 15, 2, NULL, NULL, NULL),
(116, 16, 2, NULL, NULL, NULL),
(117, 17, 2, NULL, NULL, NULL),
(118, 18, 2, NULL, NULL, NULL),
(119, 19, 2, NULL, NULL, NULL),
(120, 20, 2, NULL, NULL, NULL),
(121, 21, 2, NULL, NULL, NULL),
(122, 22, 2, NULL, NULL, NULL),
(123, 23, 2, NULL, NULL, NULL),
(124, 24, 2, NULL, NULL, NULL),
(125, 25, 2, NULL, NULL, NULL),
(126, 26, 2, NULL, NULL, NULL),
(127, 27, 2, NULL, NULL, NULL),
(128, 28, 2, NULL, NULL, NULL),
(129, 29, 2, NULL, NULL, NULL),
(130, 30, 2, NULL, NULL, NULL),
(131, 31, 2, NULL, NULL, NULL),
(132, 32, 2, NULL, NULL, NULL),
(133, 33, 2, NULL, NULL, NULL),
(134, 34, 2, NULL, NULL, NULL),
(135, 35, 2, NULL, NULL, NULL),
(136, 36, 2, NULL, NULL, NULL),
(137, 37, 2, NULL, NULL, NULL),
(138, 38, 2, NULL, NULL, NULL),
(139, 39, 2, NULL, NULL, NULL),
(140, 40, 2, NULL, NULL, NULL),
(141, 41, 2, NULL, NULL, NULL),
(142, 42, 2, NULL, NULL, NULL),
(143, 43, 2, NULL, NULL, NULL),
(144, 44, 2, NULL, NULL, NULL),
(145, 45, 2, NULL, NULL, NULL),
(146, 46, 2, NULL, NULL, NULL),
(147, 47, 2, NULL, NULL, NULL),
(148, 48, 2, NULL, NULL, NULL),
(149, 49, 2, NULL, NULL, NULL),
(150, 50, 2, NULL, NULL, NULL),
(151, 51, 2, NULL, NULL, NULL),
(152, 52, 2, NULL, NULL, NULL),
(153, 53, 2, NULL, NULL, NULL),
(154, 54, 2, NULL, NULL, NULL),
(155, 55, 2, NULL, NULL, NULL),
(156, 56, 2, NULL, NULL, NULL),
(157, 57, 2, NULL, NULL, NULL),
(158, 58, 2, NULL, NULL, NULL),
(159, 59, 2, NULL, NULL, NULL),
(160, 60, 2, NULL, NULL, NULL),
(161, 61, 2, NULL, NULL, NULL),
(162, 62, 2, NULL, NULL, NULL),
(163, 63, 2, NULL, NULL, NULL),
(164, 64, 2, NULL, NULL, NULL),
(165, 65, 2, NULL, NULL, NULL),
(166, 66, 2, NULL, NULL, NULL),
(167, 67, 2, NULL, NULL, NULL),
(168, 68, 2, NULL, NULL, NULL),
(169, 69, 2, NULL, NULL, NULL),
(170, 70, 2, NULL, NULL, NULL),
(171, 71, 2, NULL, NULL, NULL),
(172, 72, 2, NULL, NULL, NULL),
(173, 73, 2, NULL, NULL, NULL),
(174, 74, 2, NULL, NULL, NULL),
(175, 75, 2, NULL, NULL, NULL),
(176, 76, 2, NULL, NULL, NULL),
(177, 77, 2, NULL, NULL, NULL),
(178, 78, 2, NULL, NULL, NULL),
(179, 79, 2, NULL, NULL, NULL),
(180, 80, 2, NULL, NULL, NULL),
(181, 81, 2, NULL, NULL, NULL),
(182, 82, 2, NULL, NULL, NULL),
(183, 83, 2, NULL, NULL, NULL),
(184, 84, 2, NULL, NULL, NULL),
(185, 85, 2, NULL, NULL, NULL),
(186, 86, 2, NULL, NULL, NULL),
(187, 87, 2, NULL, NULL, NULL),
(188, 88, 2, NULL, NULL, NULL),
(189, 89, 2, NULL, NULL, NULL),
(190, 90, 2, NULL, NULL, NULL),
(191, 91, 2, NULL, NULL, NULL),
(192, 92, 2, NULL, NULL, NULL),
(193, 93, 2, NULL, NULL, NULL),
(194, 94, 2, NULL, NULL, NULL),
(195, 95, 2, NULL, NULL, NULL),
(196, 96, 2, NULL, NULL, NULL),
(197, 97, 2, NULL, NULL, NULL),
(198, 98, 2, NULL, NULL, NULL),
(199, 99, 2, NULL, NULL, NULL),
(200, 100, 2, NULL, NULL, NULL),
(201, 101, 2, NULL, NULL, NULL),
(202, 102, 2, NULL, NULL, NULL),
(203, 103, 2, NULL, NULL, NULL),
(204, 104, 2, NULL, NULL, NULL),
(205, 105, 2, NULL, NULL, NULL),
(206, 106, 2, NULL, NULL, NULL),
(207, 107, 2, NULL, NULL, NULL),
(208, 108, 2, NULL, NULL, NULL),
(209, 109, 2, NULL, NULL, NULL),
(210, 110, 2, NULL, NULL, NULL),
(211, 111, 2, NULL, NULL, NULL),
(212, 112, 2, NULL, NULL, NULL),
(213, 113, 2, NULL, NULL, NULL),
(214, 114, 2, NULL, NULL, NULL),
(215, 115, 2, NULL, NULL, NULL),
(216, 116, 2, NULL, NULL, NULL),
(217, 117, 2, NULL, NULL, NULL),
(218, 118, 2, NULL, NULL, NULL),
(219, 119, 2, NULL, NULL, NULL),
(220, 120, 2, NULL, NULL, NULL),
(221, 121, 2, NULL, NULL, NULL),
(222, 122, 2, NULL, NULL, NULL),
(223, 123, 2, NULL, NULL, NULL),
(224, 124, 2, NULL, NULL, NULL),
(225, 125, 2, NULL, NULL, NULL),
(226, 126, 2, NULL, NULL, NULL),
(227, 127, 2, NULL, NULL, NULL),
(228, 128, 2, NULL, NULL, NULL),
(229, 129, 2, NULL, NULL, NULL),
(230, 130, 2, NULL, NULL, NULL),
(231, 131, 2, NULL, NULL, NULL),
(232, 132, 2, NULL, NULL, NULL),
(233, 133, 2, NULL, NULL, NULL),
(234, 134, 2, NULL, NULL, NULL),
(235, 135, 2, NULL, NULL, NULL),
(236, 136, 2, NULL, NULL, NULL),
(237, 137, 2, NULL, NULL, NULL),
(238, 138, 2, NULL, NULL, NULL),
(239, 139, 2, NULL, NULL, NULL),
(240, 140, 2, NULL, NULL, NULL),
(241, 141, 2, NULL, NULL, NULL),
(242, 142, 2, NULL, NULL, NULL),
(243, 143, 2, NULL, NULL, NULL),
(244, 144, 2, NULL, NULL, NULL),
(245, 145, 2, NULL, NULL, NULL),
(246, 146, 2, NULL, NULL, NULL),
(247, 147, 2, NULL, NULL, NULL),
(248, 148, 2, NULL, NULL, NULL),
(249, 149, 2, NULL, NULL, NULL),
(250, 150, 2, NULL, NULL, NULL),
(251, 151, 2, NULL, NULL, NULL),
(252, 152, 2, NULL, NULL, NULL),
(253, 153, 2, NULL, NULL, NULL),
(254, 154, 2, NULL, NULL, NULL),
(255, 155, 2, NULL, NULL, NULL),
(256, 156, 2, NULL, NULL, NULL),
(257, 157, 2, NULL, NULL, NULL),
(258, 158, 2, NULL, NULL, NULL),
(259, 159, 2, NULL, NULL, NULL),
(260, 160, 2, NULL, NULL, NULL),
(261, 161, 2, NULL, NULL, NULL),
(262, 162, 2, NULL, NULL, NULL),
(263, 163, 2, NULL, NULL, NULL),
(264, 164, 2, NULL, NULL, NULL),
(265, 165, 2, NULL, NULL, NULL),
(266, 166, 2, NULL, NULL, NULL),
(267, 167, 2, NULL, NULL, NULL),
(268, 168, 2, NULL, NULL, NULL),
(269, 169, 2, NULL, NULL, NULL),
(270, 170, 2, NULL, NULL, NULL),
(271, 171, 2, NULL, NULL, NULL),
(272, 172, 2, NULL, NULL, NULL),
(273, 173, 2, NULL, NULL, NULL),
(274, 174, 2, NULL, NULL, NULL),
(275, 175, 2, NULL, NULL, NULL),
(276, 176, 2, NULL, NULL, NULL),
(277, 177, 2, NULL, NULL, NULL),
(278, 178, 2, NULL, NULL, NULL),
(279, 179, 2, NULL, NULL, NULL),
(280, 180, 2, NULL, NULL, NULL),
(281, 181, 2, NULL, NULL, NULL),
(282, 182, 2, NULL, NULL, NULL),
(283, 183, 2, NULL, NULL, NULL),
(284, 184, 2, NULL, NULL, NULL),
(285, 185, 2, NULL, NULL, NULL),
(286, 186, 2, NULL, NULL, NULL),
(287, 187, 2, NULL, NULL, NULL),
(288, 188, 2, NULL, NULL, NULL),
(289, 189, 2, NULL, NULL, NULL),
(290, 190, 2, NULL, NULL, NULL),
(291, 191, 2, NULL, NULL, NULL),
(292, 192, 2, NULL, NULL, NULL),
(293, 193, 2, NULL, NULL, NULL),
(294, 194, 2, NULL, NULL, NULL),
(295, 195, 2, NULL, NULL, NULL),
(296, 196, 2, NULL, NULL, NULL),
(297, 197, 2, NULL, NULL, NULL),
(298, 198, 2, NULL, NULL, NULL),
(299, 199, 2, NULL, NULL, NULL),
(300, 200, 2, NULL, NULL, NULL),
(301, 1, 3, NULL, NULL, NULL),
(302, 2, 3, NULL, NULL, NULL),
(303, 3, 3, NULL, NULL, NULL),
(304, 4, 3, NULL, NULL, NULL),
(305, 5, 3, NULL, NULL, NULL),
(306, 6, 3, NULL, NULL, NULL),
(307, 7, 3, NULL, NULL, NULL),
(308, 8, 3, NULL, NULL, NULL),
(309, 9, 3, NULL, NULL, NULL),
(310, 10, 3, NULL, NULL, NULL),
(311, 11, 3, NULL, NULL, NULL),
(312, 12, 3, NULL, NULL, NULL),
(313, 13, 3, NULL, NULL, NULL),
(314, 14, 3, NULL, NULL, NULL),
(315, 15, 3, NULL, NULL, NULL),
(316, 16, 3, NULL, NULL, NULL),
(317, 17, 3, NULL, NULL, NULL),
(318, 18, 3, NULL, NULL, NULL),
(319, 19, 3, NULL, NULL, NULL),
(320, 20, 3, NULL, NULL, NULL),
(321, 21, 3, NULL, NULL, NULL),
(322, 22, 3, NULL, NULL, NULL),
(323, 23, 3, NULL, NULL, NULL),
(324, 24, 3, NULL, NULL, NULL),
(325, 25, 3, NULL, NULL, NULL),
(326, 26, 3, NULL, NULL, NULL),
(327, 27, 3, NULL, NULL, NULL),
(328, 28, 3, NULL, NULL, NULL),
(329, 29, 3, NULL, NULL, NULL),
(330, 30, 3, NULL, NULL, NULL),
(331, 31, 3, NULL, NULL, NULL),
(332, 32, 3, NULL, NULL, NULL),
(333, 33, 3, NULL, NULL, NULL),
(334, 34, 3, NULL, NULL, NULL),
(335, 35, 3, NULL, NULL, NULL),
(336, 36, 3, NULL, NULL, NULL),
(337, 37, 3, NULL, NULL, NULL),
(338, 38, 3, NULL, NULL, NULL),
(339, 39, 3, NULL, NULL, NULL),
(340, 40, 3, NULL, NULL, NULL),
(341, 41, 3, NULL, NULL, NULL),
(342, 42, 3, NULL, NULL, NULL),
(343, 43, 3, NULL, NULL, NULL),
(344, 44, 3, NULL, NULL, NULL),
(345, 45, 3, NULL, NULL, NULL),
(346, 46, 3, NULL, NULL, NULL),
(347, 47, 3, NULL, NULL, NULL),
(348, 48, 3, NULL, NULL, NULL),
(349, 49, 3, NULL, NULL, NULL),
(350, 50, 3, NULL, NULL, NULL),
(351, 51, 3, NULL, NULL, NULL),
(352, 52, 3, NULL, NULL, NULL),
(353, 53, 3, NULL, NULL, NULL),
(354, 54, 3, NULL, NULL, NULL),
(355, 55, 3, NULL, NULL, NULL),
(356, 56, 3, NULL, NULL, NULL),
(357, 57, 3, NULL, NULL, NULL),
(358, 58, 3, NULL, NULL, NULL),
(359, 59, 3, NULL, NULL, NULL),
(360, 60, 3, NULL, NULL, NULL),
(361, 61, 3, NULL, NULL, NULL),
(362, 62, 3, NULL, NULL, NULL),
(363, 63, 3, NULL, NULL, NULL),
(364, 64, 3, NULL, NULL, NULL),
(365, 65, 3, NULL, NULL, NULL),
(366, 66, 3, NULL, NULL, NULL),
(367, 67, 3, NULL, NULL, NULL),
(368, 68, 3, NULL, NULL, NULL),
(369, 69, 3, NULL, NULL, NULL),
(370, 70, 3, NULL, NULL, NULL),
(371, 71, 3, NULL, NULL, NULL),
(372, 72, 3, NULL, NULL, NULL),
(373, 73, 3, NULL, NULL, NULL),
(374, 74, 3, NULL, NULL, NULL),
(375, 75, 3, NULL, NULL, NULL),
(376, 76, 3, NULL, NULL, NULL),
(377, 77, 3, NULL, NULL, NULL),
(378, 78, 3, NULL, NULL, NULL),
(379, 79, 3, NULL, NULL, NULL),
(380, 80, 3, NULL, NULL, NULL),
(381, 81, 3, NULL, NULL, NULL),
(382, 82, 3, NULL, NULL, NULL),
(383, 83, 3, NULL, NULL, NULL),
(384, 84, 3, NULL, NULL, NULL),
(385, 85, 3, NULL, NULL, NULL),
(386, 86, 3, NULL, NULL, NULL),
(387, 87, 3, NULL, NULL, NULL),
(388, 88, 3, NULL, NULL, NULL),
(389, 89, 3, NULL, NULL, NULL),
(390, 90, 3, NULL, NULL, NULL),
(391, 91, 3, NULL, NULL, NULL),
(392, 92, 3, NULL, NULL, NULL),
(393, 93, 3, NULL, NULL, NULL),
(394, 94, 3, NULL, NULL, NULL),
(395, 95, 3, NULL, NULL, NULL),
(396, 96, 3, NULL, NULL, NULL),
(397, 97, 3, NULL, NULL, NULL),
(398, 98, 3, NULL, NULL, NULL),
(399, 99, 3, NULL, NULL, NULL),
(400, 100, 3, NULL, NULL, NULL),
(401, 101, 3, NULL, NULL, NULL),
(402, 102, 3, NULL, NULL, NULL),
(403, 103, 3, NULL, NULL, NULL),
(404, 104, 3, NULL, NULL, NULL),
(405, 105, 3, NULL, NULL, NULL),
(406, 106, 3, NULL, NULL, NULL),
(407, 107, 3, NULL, NULL, NULL),
(408, 108, 3, NULL, NULL, NULL),
(409, 109, 3, NULL, NULL, NULL),
(410, 110, 3, NULL, NULL, NULL),
(411, 111, 3, NULL, NULL, NULL),
(412, 112, 3, NULL, NULL, NULL),
(413, 113, 3, NULL, NULL, NULL),
(414, 114, 3, NULL, NULL, NULL),
(415, 115, 3, NULL, NULL, NULL),
(416, 116, 3, NULL, NULL, NULL),
(417, 117, 3, NULL, NULL, NULL),
(418, 118, 3, NULL, NULL, NULL),
(419, 119, 3, NULL, NULL, NULL),
(420, 120, 3, NULL, NULL, NULL),
(421, 1, 4, NULL, 1, 1),
(422, 2, 4, NULL, 2, 1),
(423, 3, 4, NULL, 3, 1),
(424, 4, 4, NULL, 4, 1),
(425, 5, 4, NULL, 1, 2),
(426, 6, 4, NULL, 2, 2),
(427, 7, 4, NULL, 3, 2),
(428, 8, 4, NULL, 4, 2),
(429, 9, 4, NULL, 1, 3),
(430, 10, 4, NULL, 2, 3),
(431, 11, 4, NULL, 3, 3),
(432, 12, 4, NULL, 4, 3),
(433, 13, 4, NULL, 1, 4),
(434, 14, 4, NULL, 2, 4),
(435, 15, 4, NULL, 3, 4),
(436, 16, 4, NULL, 4, 4),
(437, 17, 4, NULL, 1, 5),
(438, 18, 4, NULL, 2, 5),
(439, 19, 4, NULL, 3, 5),
(440, 20, 4, NULL, 4, 5),
(441, 21, 4, NULL, 1, 6),
(442, 22, 4, NULL, 2, 6),
(443, 23, 4, NULL, 3, 6),
(444, 24, 4, NULL, 4, 6),
(445, 25, 4, NULL, 1, 7),
(446, 26, 4, NULL, 2, 7),
(447, 27, 4, NULL, 3, 7),
(448, 28, 4, NULL, 4, 7),
(449, 29, 4, NULL, 1, 8),
(450, 30, 4, NULL, 2, 8),
(451, 31, 4, NULL, 3, 8),
(452, 32, 4, NULL, 4, 8),
(453, 1, 5, NULL, NULL, NULL),
(454, 2, 5, NULL, NULL, NULL),
(455, 3, 5, NULL, NULL, NULL),
(456, 4, 5, NULL, NULL, NULL),
(457, 5, 5, NULL, NULL, NULL),
(458, 6, 5, NULL, NULL, NULL),
(459, 7, 5, NULL, NULL, NULL),
(460, 8, 5, NULL, NULL, NULL),
(461, 9, 5, NULL, NULL, NULL),
(462, 10, 5, NULL, NULL, NULL),
(463, 11, 5, NULL, NULL, NULL),
(464, 12, 5, NULL, NULL, NULL),
(465, 13, 5, NULL, NULL, NULL),
(466, 14, 5, NULL, NULL, NULL),
(467, 15, 5, NULL, NULL, NULL),
(468, 16, 5, NULL, NULL, NULL),
(469, 17, 5, NULL, NULL, NULL),
(470, 18, 5, NULL, NULL, NULL),
(471, 19, 5, NULL, NULL, NULL),
(472, 20, 5, NULL, NULL, NULL),
(473, 21, 5, NULL, NULL, NULL),
(474, 22, 5, NULL, NULL, NULL),
(475, 23, 5, NULL, NULL, NULL),
(476, 24, 5, NULL, NULL, NULL),
(477, 25, 5, NULL, NULL, NULL),
(478, 26, 5, NULL, NULL, NULL),
(479, 27, 5, NULL, NULL, NULL),
(480, 28, 5, NULL, NULL, NULL),
(481, 29, 5, NULL, NULL, NULL),
(482, 30, 5, NULL, NULL, NULL),
(483, 31, 5, NULL, NULL, NULL),
(484, 32, 5, NULL, NULL, NULL),
(485, 33, 5, NULL, NULL, NULL),
(486, 34, 5, NULL, NULL, NULL),
(487, 35, 5, NULL, NULL, NULL),
(488, 36, 5, NULL, NULL, NULL),
(489, 37, 5, NULL, NULL, NULL),
(490, 38, 5, NULL, NULL, NULL),
(491, 39, 5, NULL, NULL, NULL),
(492, 40, 5, NULL, NULL, NULL),
(493, 41, 5, NULL, NULL, NULL),
(494, 42, 5, NULL, NULL, NULL),
(495, 43, 5, NULL, NULL, NULL),
(496, 44, 5, NULL, NULL, NULL),
(497, 45, 5, NULL, NULL, NULL),
(498, 46, 5, NULL, NULL, NULL),
(499, 47, 5, NULL, NULL, NULL),
(500, 48, 5, NULL, NULL, NULL),
(501, 49, 5, NULL, NULL, NULL),
(502, 50, 5, NULL, NULL, NULL),
(503, 51, 5, NULL, NULL, NULL),
(504, 52, 5, NULL, NULL, NULL),
(505, 53, 5, NULL, NULL, NULL),
(506, 54, 5, NULL, NULL, NULL),
(507, 55, 5, NULL, NULL, NULL),
(508, 56, 5, NULL, NULL, NULL),
(509, 57, 5, NULL, NULL, NULL),
(510, 58, 5, NULL, NULL, NULL),
(511, 59, 5, NULL, NULL, NULL),
(512, 60, 5, NULL, NULL, NULL),
(513, 61, 5, NULL, NULL, NULL),
(514, 62, 5, NULL, NULL, NULL),
(515, 63, 5, NULL, NULL, NULL),
(516, 64, 5, NULL, NULL, NULL),
(517, 65, 5, NULL, NULL, NULL),
(518, 66, 5, NULL, NULL, NULL),
(519, 67, 5, NULL, NULL, NULL),
(520, 68, 5, NULL, NULL, NULL),
(521, 69, 5, NULL, NULL, NULL),
(522, 70, 5, NULL, NULL, NULL),
(523, 71, 5, NULL, NULL, NULL),
(524, 72, 5, NULL, NULL, NULL),
(525, 73, 5, NULL, NULL, NULL),
(526, 74, 5, NULL, NULL, NULL),
(527, 75, 5, NULL, NULL, NULL),
(528, 76, 5, NULL, NULL, NULL),
(529, 77, 5, NULL, NULL, NULL),
(530, 78, 5, NULL, NULL, NULL),
(531, 79, 5, NULL, NULL, NULL),
(532, 80, 5, NULL, NULL, NULL),
(533, 81, 5, NULL, NULL, NULL),
(534, 82, 5, NULL, NULL, NULL),
(535, 83, 5, NULL, NULL, NULL),
(536, 84, 5, NULL, NULL, NULL),
(537, 85, 5, NULL, NULL, NULL),
(538, 86, 5, NULL, NULL, NULL),
(539, 87, 5, NULL, NULL, NULL),
(540, 88, 5, NULL, NULL, NULL),
(541, 89, 5, NULL, NULL, NULL),
(542, 90, 5, NULL, NULL, NULL),
(543, 91, 5, NULL, NULL, NULL),
(544, 92, 5, NULL, NULL, NULL),
(545, 93, 5, NULL, NULL, NULL),
(546, 94, 5, NULL, NULL, NULL),
(547, 95, 5, NULL, NULL, NULL),
(548, 96, 5, NULL, NULL, NULL),
(549, 97, 5, NULL, NULL, NULL),
(550, 98, 5, NULL, NULL, NULL),
(551, 99, 5, NULL, NULL, NULL),
(552, 100, 5, NULL, NULL, NULL);

-- --------------------------------------------------------

--
-- Δομή πίνακα για τον πίνακα `ticket`
--

CREATE TABLE `ticket` (
  `Ticket_ID` int(15) NOT NULL,
  `Cust_ID` int(10) NOT NULL,
  `Projection_ID` int(10) NOT NULL,
  `Seat_ID` int(20) NOT NULL,
  `Discount_ID` int(12) DEFAULT NULL
) ENGINE=InnoDB DEFAULT CHARSET=utf8mb4;

--
-- Ευρετήρια για άχρηστους πίνακες
--

--
-- Ευρετήρια για πίνακα `available`
--
ALTER TABLE `available`
  ADD PRIMARY KEY (`Seat_ID`,`Projection_ID`),
  ADD KEY `Projection_ID` (`Projection_ID`);

--
-- Ευρετήρια για πίνακα `customer`
--
ALTER TABLE `customer`
  ADD PRIMARY KEY (`Cust_ID`);

--
-- Ευρετήρια για πίνακα `discount`
--
ALTER TABLE `discount`
  ADD PRIMARY KEY (`Discount_ID`),
  ADD KEY `Event_ID` (`Event_ID`);

--
-- Ευρετήρια για πίνακα `event`
--
ALTER TABLE `event`
  ADD PRIMARY KEY (`Event_ID`),
  ADD KEY `Municipality_ID` (`Municipality_ID`),
  ADD KEY `Location_ID` (`Location_ID`);

--
-- Ευρετήρια για πίνακα `location`
--
ALTER TABLE `location`
  ADD PRIMARY KEY (`Location_ID`),
  ADD KEY `Municipality_ID` (`Municipality_ID`);

--
-- Ευρετήρια για πίνακα `municipality`
--
ALTER TABLE `municipality`
  ADD PRIMARY KEY (`Municipality_ID`);

--
-- Ευρετήρια για πίνακα `projection`
--
ALTER TABLE `projection`
  ADD PRIMARY KEY (`Projection_ID`),
  ADD KEY `Event_ID` (`Event_ID`);

--
-- Ευρετήρια για πίνακα `seat`
--
ALTER TABLE `seat`
  ADD PRIMARY KEY (`Seat_ID`),
  ADD KEY `Location_ID` (`Location_ID`);

--
-- Ευρετήρια για πίνακα `ticket`
--
ALTER TABLE `ticket`
  ADD PRIMARY KEY (`Ticket_ID`),
  ADD KEY `Cust_ID` (`Cust_ID`),
  ADD KEY `Projection_ID` (`Projection_ID`),
  ADD KEY `Seat_ID` (`Seat_ID`),
  ADD KEY `Discount_ID` (`Discount_ID`);

--
-- AUTO_INCREMENT για άχρηστους πίνακες
--

--
-- AUTO_INCREMENT για πίνακα `customer`
--
ALTER TABLE `customer`
  MODIFY `Cust_ID` int(10) NOT NULL AUTO_INCREMENT;

--
-- AUTO_INCREMENT για πίνακα `discount`
--
ALTER TABLE `discount`
  MODIFY `Discount_ID` int(12) NOT NULL AUTO_INCREMENT, AUTO_INCREMENT=8;

--
-- AUTO_INCREMENT για πίνακα `event`
--
ALTER TABLE `event`
  MODIFY `Event_ID` int(10) NOT NULL AUTO_INCREMENT, AUTO_INCREMENT=10;

--
-- AUTO_INCREMENT για πίνακα `location`
--
ALTER TABLE `location`
  MODIFY `Location_ID` int(10) NOT NULL AUTO_INCREMENT, AUTO_INCREMENT=6;

--
-- AUTO_INCREMENT για πίνακα `municipality`
--
ALTER TABLE `municipality`
  MODIFY `Municipality_ID` int(10) NOT NULL AUTO_INCREMENT, AUTO_INCREMENT=3;

--
-- AUTO_INCREMENT για πίνακα `projection`
--
ALTER TABLE `projection`
  MODIFY `Projection_ID` int(10) NOT NULL AUTO_INCREMENT, AUTO_INCREMENT=16;

--
-- AUTO_INCREMENT για πίνακα `seat`
--
ALTER TABLE `seat`
  MODIFY `Seat_ID` int(20) NOT NULL AUTO_INCREMENT, AUTO_INCREMENT=553;

--
-- AUTO_INCREMENT για πίνακα `ticket`
--
ALTER TABLE `ticket`
  MODIFY `Ticket_ID` int(15) NOT NULL AUTO_INCREMENT;

--
-- Περιορισμοί για άχρηστους πίνακες
--

--
-- Περιορισμοί για πίνακα `available`
--
ALTER TABLE `available`
  ADD CONSTRAINT `available_ibfk_1` FOREIGN KEY (`Projection_ID`) REFERENCES `projection` (`Projection_ID`) ON DELETE CASCADE ON UPDATE CASCADE;

--
-- Περιορισμοί για πίνακα `discount`
--
ALTER TABLE `discount`
  ADD CONSTRAINT `discount_ibfk_1` FOREIGN KEY (`Event_ID`) REFERENCES `event` (`Event_ID`) ON DELETE CASCADE ON UPDATE CASCADE;

--
-- Περιορισμοί για πίνακα `event`
--
ALTER TABLE `event`
  ADD CONSTRAINT `event_ibfk_1` FOREIGN KEY (`Municipality_ID`) REFERENCES `municipality` (`Municipality_ID`),
  ADD CONSTRAINT `event_ibfk_2` FOREIGN KEY (`Location_ID`) REFERENCES `location` (`Location_ID`) ON DELETE CASCADE ON UPDATE CASCADE;

--
-- Περιορισμοί για πίνακα `location`
--
ALTER TABLE `location`
  ADD CONSTRAINT `location_ibfk_1` FOREIGN KEY (`Municipality_ID`) REFERENCES `municipality` (`Municipality_ID`);

--
-- Περιορισμοί για πίνακα `projection`
--
ALTER TABLE `projection`
  ADD CONSTRAINT `projection_ibfk_1` FOREIGN KEY (`Event_ID`) REFERENCES `event` (`Event_ID`) ON DELETE CASCADE ON UPDATE CASCADE;

--
-- Περιορισμοί για πίνακα `seat`
--
ALTER TABLE `seat`
  ADD CONSTRAINT `seat_ibfk_1` FOREIGN KEY (`Location_ID`) REFERENCES `location` (`Location_ID`) ON DELETE CASCADE;

--
-- Περιορισμοί για πίνακα `ticket`
--
ALTER TABLE `ticket`
  ADD CONSTRAINT `ticket_ibfk_1` FOREIGN KEY (`Cust_ID`) REFERENCES `customer` (`Cust_ID`),
  ADD CONSTRAINT `ticket_ibfk_2` FOREIGN KEY (`Projection_ID`) REFERENCES `projection` (`Projection_ID`) ON UPDATE CASCADE,
  ADD CONSTRAINT `ticket_ibfk_3` FOREIGN KEY (`Seat_ID`) REFERENCES `seat` (`Seat_ID`),
  ADD CONSTRAINT `ticket_ibfk_4` FOREIGN KEY (`Discount_ID`) REFERENCES `discount` (`Discount_ID`) ON UPDATE CASCADE;
COMMIT;

/*!40101 SET CHARACTER_SET_CLIENT=@OLD_CHARACTER_SET_CLIENT */;
/*!40101 SET CHARACTER_SET_RESULTS=@OLD_CHARACTER_SET_RESULTS */;
/*!40101 SET COLLATION_CONNECTION=@OLD_COLLATION_CONNECTION */;
